family,target,split,model_new,destination_country,carrier,block,cadence,mape_positive_pct_new,mae_new,wape_pct_new,bias_new,n_expected_new,n_labeled_pairs_new,n_scored_pairs_new,n_positive_pairs_new,n_zero_pairs_new,coverage_new,positive_share_new,unique_target_days_new,passes_20_pct_new,model_old,mape_positive_pct_old,mae_old,wape_pct_old,bias_old,n_expected_old,n_labeled_pairs_old,n_scored_pairs_old,n_positive_pairs_old,n_zero_pairs_old,coverage_old,positive_share_old,unique_target_days_old,passes_20_pct_old,mape_delta_pct_points
LightGBM,daily,test,lgbm_annual_l1_15_min50,Thailand,AIS,1,daily_origins,40.96709185402722,4.167240884954532,42.33150287504767,-3.5378085693868604,623,623,623,623,0,1.0,1.0,92,False,lgbm_annual_l1_15,40.773212671724345,4.160625202673491,42.264299710836205,-3.539156143184924,623,623,623,623,0,1.0,1.0,92,False,0.19387918230287227
LightGBM,daily,test,lgbm_annual_ratio7,China,China Mobile,1,daily_origins,58.822978109549965,2.3950526991227683,53.69261718436432,-1.6626153879401584,623,623,623,603,20,1.0,0.9678972712680578,92,False,lgbm_weighted_l1,59.05291462524732,2.5062113902443013,56.18458784174882,-1.8513299053743184,623,623,623,603,20,1.0,0.9678972712680578,92,False,-0.22993651569735363
LightGBM,daily,test,lgbm_annual_ratio7,South Korea,KT,1,daily_origins,54.24250372552304,3.511378027285756,44.06906750602389,-2.5109643789736804,623,623,623,616,7,1.0,0.9887640449438202,92,False,lgbm_weighted_l1,54.83304307038881,3.927120910813538,49.28679144715621,-3.200685068785968,623,623,623,616,7,1.0,0.9887640449438202,92,False,-0.5905393448657748
LightGBM,daily,test,lgbm_annual_ratio7,South Korea,LG U+,1,daily_origins,52.963479559779394,3.571920261746746,44.97385454867063,-2.5413043029489755,623,623,623,616,7,1.0,0.9887640449438202,92,False,lgbm_annual_l1,53.59505935107277,3.8808924229337936,48.86410629522541,-3.0488137026354822,623,623,623,616,7,1.0,0.9887640449438202,92,False,-0.631579791293376
LightGBM,daily,test,lgbm_annual_ratio7,South Korea,SKT,1,daily_origins,38.94862781755032,3.180790310270414,39.06233714367174,-2.5355460970578654,623,623,623,623,0,1.0,1.0,92,False,lgbm_weighted_l1,41.07022132118373,3.57768769148306,43.93651550944109,-3.2361961799892778,623,623,623,623,0,1.0,1.0,92,False,-2.121593503633413
LightGBM,daily,test,lgbm_annual_ratio7_n300,Japan,NTT Docomo,1,daily_origins,43.031690746291794,3.724594225466939,42.79642571866291,-2.930613956113361,623,623,623,623,0,1.0,1.0,92,False,lgbm_annual_l1,45.34198840556724,4.12552520372792,47.40321287204896,-3.681750600884153,623,623,623,623,0,1.0,1.0,92,False,-2.3102976592754487
LightGBM,daily,test,lgbm_annual_ratio7_n300,Thailand,TrueMove H,1,daily_origins,41.26716654666811,4.002979029704005,41.913545134547824,-3.362800334472947,623,623,623,623,0,1.0,1.0,92,False,lgbm_annual_l1_15,44.11038875193286,4.366133359023774,45.71598458271952,-3.800886779350652,623,623,623,623,0,1.0,1.0,92,False,-2.843222205264752
LightGBM,daily,test,lgbm_annual_ratio7_n300,Thailand,dtac,1,daily_origins,43.265153862708125,4.139416713838147,41.80347888995243,-3.338005544746147,623,623,623,623,0,1.0,1.0,92,False,lgbm_annual_l1_15,45.00252592229703,4.33638283369593,43.79261639475708,-3.5823318971460423,623,623,623,623,0,1.0,1.0,92,False,-1.7373720595889068
LightGBM,daily,test,lgbm_poisson,Japan,au (KDDI),1,daily_origins,46.74061685424661,3.693983895554409,38.70420395106621,-1.3832132898919902,623,623,623,623,0,1.0,1.0,92,False,lgbm_poisson,46.74061685424661,3.693983895554409,38.70420395106621,-1.3832132898919902,623,623,623,623,0,1.0,1.0,92,False,0.0
LightGBM,daily,test,lgbm_weighted_l1,Japan,SoftBank,1,daily_origins,47.18135110207074,4.279499510746978,47.67754283253518,-3.5980485761503758,623,623,623,623,0,1.0,1.0,92,False,lgbm_weighted_l1,47.18135110207074,4.279499510746978,47.67754283253518,-3.5980485761503758,623,623,623,623,0,1.0,1.0,92,False,0.0
LightGBM,direct_7d,test,lgbm_annual_l1_15,China,China Mobile,1,daily_origins,19.72517279605811,6.018780044403216,19.49586003083528,-3.468426779980639,86,86,86,86,0,1.0,1.0,86,True,lgbm_annual_l1_15,19.72517279605811,6.018780044403216,19.49586003083528,-3.468426779980639,86,86,86,86,0,1.0,1.0,86,True,0.0
LightGBM,direct_7d,test,lgbm_annual_l1_15_min50,Thailand,TrueMove H,1,daily_origins,16.45517294401905,10.980102447506608,16.88944393642583,-4.3056666850496965,86,86,86,86,0,1.0,1.0,86,True,lgbm_annual_l1_15,16.691420114117356,11.187836483737817,17.208977599739804,-5.049557458979256,86,86,86,86,0,1.0,1.0,86,True,-0.23624717009830576
LightGBM,direct_7d,test,lgbm_annual_ratio7,Japan,NTT Docomo,1,daily_origins,17.002365932873804,10.55416593452678,17.414778786824698,-7.56570621095404,86,86,86,86,0,1.0,1.0,86,True,lgbm_weighted_l1,18.28832854471052,11.484478721786802,18.94983058468275,-8.475507996908176,86,86,86,86,0,1.0,1.0,86,True,-1.285962611836716
LightGBM,direct_7d,test,lgbm_annual_ratio7,Thailand,AIS,1,daily_origins,12.667359729033208,9.347053661706552,13.897763051638377,-5.711130019039596,86,86,86,86,0,1.0,1.0,86,True,lgbm_annual_l1_15,14.917303126951689,10.143859076908331,15.082501393743373,-4.827906611999037,86,86,86,86,0,1.0,1.0,86,True,-2.2499433979184804
LightGBM,direct_7d,test,lgbm_annual_ratio7,Thailand,dtac,1,daily_origins,11.530713828617488,9.12192790550389,13.432976025228331,-5.678607754269506,86,86,86,86,0,1.0,1.0,86,True,lgbm_annual_l1_15,13.613830680929803,9.868046206786875,14.531711879857388,-1.693968799956591,86,86,86,86,0,1.0,1.0,86,True,-2.0831168523123154
LightGBM,direct_7d,test,lgbm_cal_ratio7_56_p4,South Korea,LG U+,1,daily_origins,20.688008614795773,11.436602732345143,20.926549680461328,-5.65481328145957,86,86,86,86,0,1.0,1.0,86,False,lgbm_annual_l1_15,22.015302689319068,11.958179094012069,21.88092344861783,-3.5238285763586474,86,86,86,86,0,1.0,1.0,86,False,-1.3272940745232944
LightGBM,direct_7d,test,lgbm_poisson,Japan,au (KDDI),1,daily_origins,20.114786726342327,13.331864859939628,20.203354677617764,-9.560802209589331,86,86,86,86,0,1.0,1.0,86,False,lgbm_poisson,20.114786726342327,13.331864859939628,20.203354677617764,-9.560802209589331,86,86,86,86,0,1.0,1.0,86,False,0.0
LightGBM,direct_7d,test,lgbm_poisson,South Korea,SKT,1,daily_origins,13.879323075151596,8.566845264319811,15.178176611691466,-6.146172684584164,86,86,86,86,0,1.0,1.0,86,True,lgbm_poisson,13.879323075151596,8.566845264319811,15.178176611691466,-6.146172684584164,86,86,86,86,0,1.0,1.0,86,True,0.0
LightGBM,direct_7d,test,lgbm_weighted_l1,Japan,SoftBank,1,daily_origins,15.362331524020112,10.100277854378636,16.1754915358764,-8.458884477143945,86,86,86,86,0,1.0,1.0,86,True,lgbm_weighted_l1,15.362331524020112,10.100277854378636,16.1754915358764,-8.458884477143945,86,86,86,86,0,1.0,1.0,86,True,0.0
LightGBM,direct_7d,test,lgbm_weighted_l1,South Korea,KT,1,daily_origins,13.692475493642204,7.74405877560498,14.071182224847416,-6.30134552235745,86,86,86,86,0,1.0,1.0,86,True,lgbm_weighted_l1,13.692475493642204,7.74405877560498,14.071182224847416,-6.30134552235745,86,86,86,86,0,1.0,1.0,86,True,0.0
SARIMA,daily,test,sarima_log_100_100_7,China,China Mobile,1,daily_origins,79.49416539814204,2.1958984062847717,49.2279491585251,-0.4255018198986581,623,623,623,603,20,1.0,0.9678972712680578,92,False,sarima_log_100_100_7,79.49416539814204,2.1958984062847717,49.2279491585251,-0.4255018198986581,623,623,623,603,20,1.0,0.9678972712680578,92,False,0.0
SARIMA,daily,test,sarima_log_100_100_7,Japan,NTT Docomo,1,daily_origins,45.60037948212201,3.213481419305652,36.92362457077502,-1.435198726040158,623,623,623,623,0,1.0,1.0,92,False,sarima_log_100_100_7,45.60037948212201,3.213481419305652,36.92362457077502,-1.435198726040158,623,623,623,623,0,1.0,1.0,92,False,0.0
SARIMA,daily,test,sarima_log_100_100_7,Japan,SoftBank,1,daily_origins,41.59108652273481,3.1609314858603708,35.21567088145584,-1.5172607186904974,623,623,623,623,0,1.0,1.0,92,False,sarima_log_100_100_7,41.59108652273481,3.1609314858603708,35.21567088145584,-1.5172607186904974,623,623,623,623,0,1.0,1.0,92,False,0.0
SARIMA,daily,test,sarima_log_100_100_7,Japan,au (KDDI),1,daily_origins,47.89794414253935,3.870260145056752,40.55116162748666,-1.8425806096789883,623,623,623,623,0,1.0,1.0,92,False,sarima_log_100_100_7,47.89794414253935,3.870260145056752,40.55116162748666,-1.8425806096789883,623,623,623,623,0,1.0,1.0,92,False,0.0
SARIMA,daily,test,sarima_log_100_100_7,South Korea,KT,1,daily_origins,57.507038218708495,3.1228077250436823,39.19236931309859,-1.4659298313959808,623,623,623,616,7,1.0,0.9887640449438202,92,False,sarima_log_100_100_7,57.507038218708495,3.1228077250436823,39.19236931309859,-1.4659298313959808,623,623,623,616,7,1.0,0.9887640449438202,92,False,0.0
SARIMA,daily,test,sarima_log_100_100_7,South Korea,LG U+,1,daily_origins,56.64602206664382,3.225601962452231,40.61337959999474,-1.3622965078521203,623,623,623,616,7,1.0,0.9887640449438202,92,False,sarima_log_100_100_7,56.64602206664382,3.225601962452231,40.61337959999474,-1.3622965078521203,623,623,623,616,7,1.0,0.9887640449438202,92,False,0.0
SARIMA,daily,test,sarima_log_100_100_7,South Korea,SKT,1,daily_origins,46.273748484196105,3.0774154971789978,37.79282189518068,-1.538552890176092,623,623,623,623,0,1.0,1.0,92,False,sarima_log_100_100_7,46.273748484196105,3.0774154971789978,37.79282189518068,-1.538552890176092,623,623,623,623,0,1.0,1.0,92,False,0.0
SARIMA,daily,test,sarima_log_100_100_7,Thailand,AIS,1,daily_origins,52.45755573949853,3.791015543016825,38.50974536604406,-0.8672690672951695,623,623,623,623,0,1.0,1.0,92,False,sarima_log_100_100_7,52.45755573949853,3.791015543016825,38.50974536604406,-0.8672690672951695,623,623,623,623,0,1.0,1.0,92,False,0.0
SARIMA,daily,test,sarima_log_100_100_7,Thailand,TrueMove H,1,daily_origins,62.59295090768002,4.180977915799367,43.777298177193366,-0.9550568770594472,623,623,623,623,0,1.0,1.0,92,False,sarima_log_100_100_7,62.59295090768002,4.180977915799367,43.777298177193366,-0.9550568770594472,623,623,623,623,0,1.0,1.0,92,False,0.0
SARIMA,daily,test,sarima_log_100_100_7,Thailand,dtac,1,daily_origins,56.28113015889904,3.757728493648382,37.94885478267048,-0.967775094248878,623,623,623,623,0,1.0,1.0,92,False,sarima_log_100_100_7,56.28113015889904,3.757728493648382,37.94885478267048,-0.967775094248878,623,623,623,623,0,1.0,1.0,92,False,0.0
SARIMA,direct_7d,test,arima_101,Japan,SoftBank,1,daily_origins,13.15151572546974,8.721246173567668,13.96698642321824,-3.5440863890511,86,86,86,86,0,1.0,1.0,86,True,sarima_log_100_100_7,12.344148917508305,8.298583683171254,13.290096773793811,-5.062563616214069,86,86,86,86,0,1.0,1.0,86,True,0.8073668079614347
SARIMA,direct_7d,test,arima_101,South Korea,KT,1,daily_origins,15.605312150485345,8.32297049542882,15.123081821400348,-2.877283553074917,86,86,86,86,0,1.0,1.0,86,True,sarima_log_100_100_7,15.510440742724503,8.455574502340435,15.364027196308417,-4.025208509778373,86,86,86,86,0,1.0,1.0,86,True,0.09487140776084146
SARIMA,direct_7d,test,arima_101,Thailand,TrueMove H,1,daily_origins,20.998489070182888,13.410824498313294,20.628347466552377,-2.37510496269407,86,86,86,86,0,1.0,1.0,86,False,sarima_111_011_7,19.24973738101533,12.96242222254556,19.938621197261995,-4.694222858450283,86,86,86,86,0,1.0,1.0,86,True,1.748751689167559
SARIMA,direct_7d,test,sarima_log_100_100_7,China,China Mobile,1,daily_origins,20.531615922607227,5.784851424139101,18.738125140337576,-1.392552730823182,86,86,86,86,0,1.0,1.0,86,False,sarima_log_100_100_7,20.531615922607227,5.784851424139101,18.738125140337576,-1.392552730823182,86,86,86,86,0,1.0,1.0,86,False,0.0
SARIMA,direct_7d,test,sarima_log_100_100_7,Japan,au (KDDI),1,daily_origins,15.417193737449296,10.108627935516328,15.318801805363952,-5.334030401644446,86,86,86,86,0,1.0,1.0,86,True,sarima_log_100_100_7,15.417193737449296,10.108627935516328,15.318801805363952,-5.334030401644446,86,86,86,86,0,1.0,1.0,86,True,0.0
SARIMA,direct_7d,test,sarima_log_100_100_7,South Korea,LG U+,1,daily_origins,21.994491256238835,12.349788768055006,22.59748583090916,-5.003931297043148,86,86,86,86,0,1.0,1.0,86,False,sarima_log_100_100_7,21.994491256238835,12.349788768055006,22.59748583090916,-5.003931297043148,86,86,86,86,0,1.0,1.0,86,False,0.0
SARIMA,direct_7d,test,sarima_log_100_100_7,South Korea,SKT,1,daily_origins,15.148223165673382,9.172482241189568,16.25120463004332,-5.040089942348004,86,86,86,86,0,1.0,1.0,86,True,sarima_log_100_100_7,15.148223165673382,9.172482241189568,16.25120463004332,-5.040089942348004,86,86,86,86,0,1.0,1.0,86,True,0.0
SARIMA,direct_7d,test,sarima_log_100_100_7,Thailand,AIS,1,daily_origins,14.80850729520097,11.468998123181793,17.052798039309028,-8.812987960429059,86,86,86,86,0,1.0,1.0,86,True,sarima_log_100_100_7,14.80850729520097,11.468998123181793,17.052798039309028,-8.812987960429059,86,86,86,86,0,1.0,1.0,86,True,0.0
SARIMA,direct_7d,test,sarimax_annual_100_100_7_window540,Japan,NTT Docomo,1,daily_origins,18.03103851317164,11.2822922716849,18.61621518351691,-6.830046121985989,86,86,86,86,0,1.0,1.0,86,True,sarimax_annual_100_100_7,17.90277361695691,11.054395260583442,18.240176370110824,-5.65653698028781,86,86,86,86,0,1.0,1.0,86,True,0.12826489621473058
SARIMA,direct_7d,test,sarimax_annual_100_100_7_window540,Thailand,dtac,1,daily_origins,15.554328274040778,12.307574759590638,18.12416831035608,-8.949882470478114,86,86,86,86,0,1.0,1.0,86,True,sarima_log_100_100_7,16.298840767689363,12.193435248153875,17.95608615310331,-5.576048749977931,86,86,86,86,0,1.0,1.0,86,True,-0.7445124936485854
Prophet,daily,test,prophet_annual3_no_weekly_w540,South Korea,SKT,1,daily_origins,54.094595555736205,2.9259282195948133,35.93245181958543,-0.1650983475365676,623,623,623,623,0,1.0,1.0,92,False,prophet_smooth,55.649588506300695,3.0609123308494786,37.59015143148483,0.0400348951040631,623,623,623,623,0,1.0,1.0,92,False,-1.5549929505644897
Prophet,daily,test,prophet_annual3_weekly_w540,China,China Mobile,1,daily_origins,78.43328658308391,2.102149246706262,47.126267747319226,0.1985492907846882,623,623,623,603,20,1.0,0.9678972712680578,92,False,prophet_additive,70.22722732228418,2.1286499448155007,47.7203640021611,-0.1718492985739607,623,623,623,603,20,1.0,0.9678972712680578,92,False,8.206059260799734
Prophet,daily,test,prophet_annual3_weekly_w540,Japan,NTT Docomo,1,daily_origins,48.32838007518715,3.044613016215392,34.98328862231998,-0.5739538342482859,623,623,623,623,0,1.0,1.0,92,False,prophet_additive,61.82049022711661,3.949422163421292,45.37974931411776,-0.3234445134399614,623,623,623,623,0,1.0,1.0,92,False,-13.49211015192946
Prophet,daily,test,prophet_annual3_weekly_w540,Japan,au (KDDI),1,daily_origins,54.54113147873388,3.766313588688535,39.462047859955554,-0.1777402335279363,623,623,623,623,0,1.0,1.0,92,False,prophet_multiplicative,55.877270467219255,3.8942527867715993,40.80254769859917,-0.2765212465699982,623,623,623,623,0,1.0,1.0,92,False,-1.3361389884853736
Prophet,daily,test,prophet_annual3_weekly_w540,South Korea,KT,1,daily_origins,58.7689505328461,2.95029435746455,37.02726399477064,-0.4322771328816915,623,623,623,616,7,1.0,0.9887640449438202,92,False,prophet_multiplicative,61.19119622617698,3.2775517647643646,41.13446312345284,-0.4056089512213404,623,623,623,616,7,1.0,0.9887640449438202,92,False,-2.422245693330879
Prophet,daily,test,prophet_annual3_weekly_w540,Thailand,AIS,1,daily_origins,43.12406927261272,3.1092840677308438,31.584607438387664,-0.2633630241361936,623,623,623,623,0,1.0,1.0,92,False,prophet_smooth,48.579388626425946,3.6843524746578686,37.42624476947419,-0.4098300723707584,623,623,623,623,0,1.0,1.0,92,False,-5.455319353813223
Prophet,daily,test,prophet_annual3_weekly_w540,Thailand,TrueMove H,1,daily_origins,49.713097408287176,3.282404482244637,34.368705755267385,-0.467899692442918,623,623,623,623,0,1.0,1.0,92,False,prophet_additive,51.42481824919618,3.566884516230832,37.3473790522993,-0.7241522568249109,623,623,623,623,0,1.0,1.0,92,False,-1.7117208409090026
Prophet,daily,test,prophet_annual3_weekly_w540,Thailand,dtac,1,daily_origins,48.5694111636495,3.3226282171985875,33.55482864831772,-0.6065869958339528,623,623,623,623,0,1.0,1.0,92,False,prophet_additive,48.89921126851364,3.472653242484283,35.06991360135692,-0.5214767217913494,623,623,623,623,0,1.0,1.0,92,False,-0.329800104864141
Prophet,daily,test,prophet_multiplicative,South Korea,LG U+,1,daily_origins,69.61049678872897,3.529747882835068,44.44286440998882,-0.2966760496382704,623,623,623,616,7,1.0,0.9887640449438202,92,False,prophet_multiplicative,69.61049678872897,3.529747882835068,44.44286440998882,-0.2966760496382704,623,623,623,616,7,1.0,0.9887640449438202,92,False,0.0
Prophet,daily,test,prophet_no_weekly,Japan,SoftBank,1,daily_origins,49.533620057190895,3.294208942755929,36.70050377927296,-0.1532495111258367,623,623,623,623,0,1.0,1.0,92,False,prophet_no_weekly,49.533620057190895,3.294208942755929,36.70050377927296,-0.1532495111258367,623,623,623,623,0,1.0,1.0,92,False,0.0
Prophet,direct_7d,test,prophet_annual3_no_weekly_w540,China,China Mobile,1,daily_origins,16.007893738918426,4.341303817778656,14.062227055704875,1.334456605144044,86,86,86,86,0,1.0,1.0,86,True,prophet_smooth,19.317552488501224,5.721125981619873,18.531707511085088,-2.6701465373805173,86,86,86,86,0,1.0,1.0,86,True,-3.3096587495827983
Prophet,direct_7d,test,prophet_annual3_weekly_w540,Japan,NTT Docomo,1,daily_origins,16.928508357802755,10.308199343149887,17.008924472580397,-4.124833658504246,86,86,86,86,0,1.0,1.0,86,True,prophet_smooth,31.20127520908074,18.55566748781713,30.6175633912562,-4.890154226934748,86,86,86,86,0,1.0,1.0,86,False,-14.272766851277986
Prophet,direct_7d,test,prophet_annual3_weekly_w540,Japan,SoftBank,1,daily_origins,12.81825835252932,8.063929630039723,12.914300711050585,-3.128192833320016,86,86,86,86,0,1.0,1.0,86,True,prophet_multiplicative,21.399741076519536,12.98092315427065,20.78881547983754,1.8663881647477567,86,86,86,86,0,1.0,1.0,86,False,-8.581482723990216
Prophet,direct_7d,test,prophet_annual3_weekly_w540,Japan,au (KDDI),1,daily_origins,17.872841189609936,10.846391565749316,16.436822460871205,-0.5300187787146158,86,86,86,86,0,1.0,1.0,86,True,prophet_multiplicative,28.30645719762942,17.388490744130216,26.35084059903433,0.8184354760381287,86,86,86,86,0,1.0,1.0,86,False,-10.433616008019484
Prophet,direct_7d,test,prophet_annual3_weekly_w540,South Korea,KT,1,daily_origins,12.8807817922119,6.870318781939745,12.483570996129686,-2.590450460220502,86,86,86,86,0,1.0,1.0,86,True,prophet_multiplicative,26.742597337403573,13.65495168335036,24.811448230892267,1.0678800709365064,86,86,86,86,0,1.0,1.0,86,False,-13.861815545191673
Prophet,direct_7d,test,prophet_annual3_weekly_w540,South Korea,LG U+,1,daily_origins,21.92496423092162,12.081963335481024,22.107422273433365,-2.621283125363388,86,86,86,86,0,1.0,1.0,86,False,prophet_multiplicative,36.4769193216178,19.502814259000356,35.68600055902192,0.9617840342458782,86,86,86,86,0,1.0,1.0,86,False,-14.551955090696179
Prophet,direct_7d,test,prophet_annual3_weekly_w540,South Korea,SKT,1,daily_origins,13.114934595809627,7.514117566103672,13.313022469816971,-0.6595212858076523,86,86,86,86,0,1.0,1.0,86,True,prophet_multiplicative,18.56397760810792,10.51742120524952,18.63407959726944,-2.7938936943209773,86,86,86,86,0,1.0,1.0,86,True,-5.449043012298292
Prophet,direct_7d,test,prophet_annual3_weekly_w540,Thailand,AIS,1,daily_origins,13.607587294535604,9.207298343686023,13.689966416960548,-0.5395673283042608,86,86,86,86,0,1.0,1.0,86,True,prophet_multiplicative,37.03489746536276,22.916612898632845,34.07380202770444,2.5460315084677942,86,86,86,86,0,1.0,1.0,86,False,-23.427310170827155
Prophet,direct_7d,test,prophet_annual3_weekly_w540,Thailand,dtac,1,daily_origins,12.43435949385221,9.391684684586876,13.830220597165605,-3.697304019933842,86,86,86,86,0,1.0,1.0,86,True,prophet_smooth,17.770441334362463,12.175770478253805,17.930072964551833,-6.126795392934225,86,86,86,86,0,1.0,1.0,86,True,-5.3360818405102535
Prophet,direct_7d,test,prophet_multiplicative,Thailand,TrueMove H,1,daily_origins,27.49654043585206,16.81060111385863,25.857837520870007,-1.085301514976888,86,86,86,86,0,1.0,1.0,86,False,prophet_multiplicative,27.49654043585206,16.81060111385863,25.857837520870007,-1.085301514976888,86,86,86,86,0,1.0,1.0,86,False,0.0
LightGBM,sum_daily,test,lgbm_annual_l1_15_min50,Thailand,AIS,1,daily_origins,33.71356273755577,24.74365195750881,36.79035387873025,-24.6594627852088,86,86,86,86,0,1.0,1.0,86,False,lgbm_annual_l1_15,33.832579980155145,24.742941059420367,36.78929687258215,-24.66273572654745,86,86,86,86,0,1.0,1.0,86,False,-0.11901724259937652
LightGBM,sum_daily,test,lgbm_annual_ratio7,China,China Mobile,1,daily_origins,35.910916022059844,11.821186696622275,38.290849563446926,-11.795625306800252,86,86,86,86,0,1.0,1.0,86,False,lgbm_weighted_l1,41.37434433047942,13.177111182969828,42.68292134596629,-13.169571036373949,86,86,86,86,0,1.0,1.0,86,False,-5.463428308419573
LightGBM,sum_daily,test,lgbm_annual_ratio7,South Korea,KT,1,daily_origins,31.216209813052785,17.55929795198887,31.90576006488576,-17.55929795198887,86,86,86,86,0,1.0,1.0,86,False,lgbm_weighted_l1,39.367776385522525,22.06087505348916,40.08525786182268,-22.06087505348916,86,86,86,86,0,1.0,1.0,86,False,-8.15156657246974
LightGBM,sum_daily,test,lgbm_annual_ratio7,South Korea,LG U+,1,daily_origins,30.34675569118168,17.99058388853329,32.91894073220985,-17.521019838572478,86,86,86,86,0,1.0,1.0,86,False,lgbm_annual_l1,35.4260288814561,20.944601512060355,38.32416446887639,-20.878105680846243,86,86,86,86,0,1.0,1.0,86,False,-5.079273190274417
LightGBM,sum_daily,test,lgbm_annual_ratio7,South Korea,SKT,1,daily_origins,30.517489590165763,17.877437434000463,31.67407538780469,-17.877437434000463,86,86,86,86,0,1.0,1.0,86,False,lgbm_weighted_l1,39.17852132067694,22.64106116110154,40.113952613406106,-22.64106116110154,86,86,86,86,0,1.0,1.0,86,False,-8.66103173051118
LightGBM,sum_daily,test,lgbm_annual_ratio7_n300,Japan,NTT Docomo,1,daily_origins,34.677078108776776,21.336548021554545,35.2061229826111,-21.336548021554545,86,86,86,86,0,1.0,1.0,86,False,lgbm_annual_l1,42.267034160571306,26.00935533639453,42.91643436166404,-26.00935533639453,86,86,86,86,0,1.0,1.0,86,False,-7.58995605179453
LightGBM,sum_daily,test,lgbm_annual_ratio7_n300,Thailand,TrueMove H,1,daily_origins,33.440110219338095,23.60334417460605,36.30634231829941,-23.60334417460605,86,86,86,86,0,1.0,1.0,86,False,lgbm_annual_l1_15,37.81163578734631,26.443584376907157,40.67516108771267,-26.443584376907157,86,86,86,86,0,1.0,1.0,86,False,-4.371525568008217
LightGBM,sum_daily,test,lgbm_annual_ratio7_n300,Thailand,dtac,1,daily_origins,33.13017618537266,23.532760484731792,34.65440756313243,-23.532760484731792,86,86,86,86,0,1.0,1.0,86,False,lgbm_annual_l1_15,36.13760526707804,25.14775171804184,37.032648077938326,-25.14775171804184,86,86,86,86,0,1.0,1.0,86,False,-3.007429081705375
LightGBM,sum_daily,test,lgbm_poisson,Japan,au (KDDI),1,daily_origins,19.47949828140345,12.897293560314642,19.54479728963981,-9.371593155557637,86,86,86,86,0,1.0,1.0,86,True,lgbm_poisson,19.47949828140345,12.897293560314642,19.54479728963981,-9.371593155557637,86,86,86,86,0,1.0,1.0,86,True,0.0
LightGBM,sum_daily,test,lgbm_weighted_l1,Japan,SoftBank,1,daily_origins,40.41618090108763,25.532443754236564,40.88994716693379,-25.532443754236564,86,86,86,86,0,1.0,1.0,86,False,lgbm_weighted_l1,40.41618090108763,25.532443754236564,40.88994716693379,-25.532443754236564,86,86,86,86,0,1.0,1.0,86,False,0.0
Prophet,sum_daily,test,prophet_annual3_no_weekly_w540,South Korea,SKT,1,daily_origins,12.949706882979651,7.423145928316162,13.151844866814791,-0.9509034213743168,86,86,86,86,0,1.0,1.0,86,True,prophet_smooth,21.818052941556715,11.753378943415822,20.823868750180484,0.8740829470211064,86,86,86,86,0,1.0,1.0,86,False,-8.868346058577064
Prophet,sum_daily,test,prophet_annual3_weekly_w540,China,China Mobile,1,daily_origins,15.442622664629404,4.295791957348168,13.91480634018616,1.1026143089254647,86,86,86,86,0,1.0,1.0,86,True,prophet_additive,21.47249114899557,6.549755949885246,21.21578198456238,-1.7238290520727702,86,86,86,86,0,1.0,1.0,86,False,-6.029868484366165
Prophet,sum_daily,test,prophet_annual3_weekly_w540,Japan,NTT Docomo,1,daily_origins,17.368192888848807,10.628387252511937,17.537246809593757,-4.062921423072886,86,86,86,86,0,1.0,1.0,86,True,prophet_additive,34.20420348675025,20.117460340033627,33.194581528067765,-2.067140493208212,86,86,86,86,0,1.0,1.0,86,False,-16.836010597901446
Prophet,sum_daily,test,prophet_annual3_weekly_w540,Japan,au (KDDI),1,daily_origins,16.913899917683132,10.222531384296538,15.491413199110172,-0.5260367066577653,86,86,86,86,0,1.0,1.0,86,True,prophet_multiplicative,22.143895038812477,13.913773330060245,21.085189539826978,-1.0779216891848735,86,86,86,86,0,1.0,1.0,86,False,-5.229995121129345
Prophet,sum_daily,test,prophet_annual3_weekly_w540,South Korea,KT,1,daily_origins,13.451915462427474,7.184483739213713,13.05441794997632,-2.6659816609062528,86,86,86,86,0,1.0,1.0,86,True,prophet_multiplicative,21.88135857218795,11.400025024749429,20.71418026892987,-2.205741763422016,86,86,86,86,0,1.0,1.0,86,False,-8.429443109760475
Prophet,sum_daily,test,prophet_annual3_weekly_w540,Thailand,AIS,1,daily_origins,13.623979731579544,9.32596788355495,13.86641144511974,-1.272792236361773,86,86,86,86,0,1.0,1.0,86,True,prophet_smooth,25.15908759687102,16.409908871149163,24.39924209749012,-1.995417343251532,86,86,86,86,0,1.0,1.0,86,False,-11.535107865291478
Prophet,sum_daily,test,prophet_annual3_weekly_w540,Thailand,TrueMove H,1,daily_origins,15.90598894369631,10.660003571472648,16.397072207952917,-2.675123506301414,86,86,86,86,0,1.0,1.0,86,True,prophet_additive,23.916260952505297,15.14027815226981,23.288569506263705,-4.671012803311466,86,86,86,86,0,1.0,1.0,86,False,-8.010272008808988
Prophet,sum_daily,test,prophet_annual3_weekly_w540,Thailand,dtac,1,daily_origins,12.224370978058865,9.276193099293897,13.66014737224786,-3.661880870981467,86,86,86,86,0,1.0,1.0,86,True,prophet_additive,15.470416457211051,10.532531522667416,15.510234776530782,-3.240788221616548,86,86,86,86,0,1.0,1.0,86,True,-3.246045479152187
Prophet,sum_daily,test,prophet_multiplicative,South Korea,LG U+,1,daily_origins,33.06244826052872,18.239130838272278,33.373728767902456,-1.1759027650217726,86,86,86,86,0,1.0,1.0,86,False,prophet_multiplicative,33.06244826052872,18.239130838272278,33.373728767902456,-1.1759027650217726,86,86,86,86,0,1.0,1.0,86,False,0.0
Prophet,sum_daily,test,prophet_no_weekly,Japan,SoftBank,1,daily_origins,17.864650147501546,11.026733266553808,17.659200389639246,-1.0600650490841532,86,86,86,86,0,1.0,1.0,86,True,prophet_no_weekly,17.864650147501546,11.026733266553808,17.659200389639246,-1.0600650490841532,86,86,86,86,0,1.0,1.0,86,True,0.0
SARIMA,sum_daily,test,sarima_log_100_100_7,China,China Mobile,1,daily_origins,24.72141001296641,7.48666572935592,24.2505933229608,-2.6986958353998505,86,86,86,86,0,1.0,1.0,86,False,sarima_log_100_100_7,24.72141001296641,7.48666572935592,24.2505933229608,-2.6986958353998505,86,86,86,86,0,1.0,1.0,86,False,0.0
SARIMA,sum_daily,test,sarima_log_100_100_7,Japan,NTT Docomo,1,daily_origins,16.900924155331207,11.314629211011548,18.66957237427078,-9.9347737066919,86,86,86,86,0,1.0,1.0,86,True,sarima_log_100_100_7,16.900924155331207,11.314629211011548,18.66957237427078,-9.9347737066919,86,86,86,86,0,1.0,1.0,86,True,0.0
SARIMA,sum_daily,test,sarima_log_100_100_7,Japan,SoftBank,1,daily_origins,16.162353363201127,11.222951273251011,17.973441517683185,-10.280592916037932,86,86,86,86,0,1.0,1.0,86,True,sarima_log_100_100_7,16.162353363201127,11.222951273251011,17.973441517683185,-10.280592916037932,86,86,86,86,0,1.0,1.0,86,True,0.0
SARIMA,sum_daily,test,sarima_log_100_100_7,Japan,au (KDDI),1,daily_origins,20.25055874533876,13.948907105006027,21.138431912432043,-12.143812359071816,86,86,86,86,0,1.0,1.0,86,False,sarima_log_100_100_7,20.25055874533876,13.948907105006027,21.138431912432043,-12.143812359071816,86,86,86,86,0,1.0,1.0,86,False,0.0
SARIMA,sum_daily,test,sarima_log_100_100_7,South Korea,KT,1,daily_origins,18.84661456583047,10.999688313291385,19.986756707015825,-9.575650730892477,86,86,86,86,0,1.0,1.0,86,True,sarima_log_100_100_7,18.84661456583047,10.999688313291385,19.986756707015825,-9.575650730892477,86,86,86,86,0,1.0,1.0,86,True,0.0
SARIMA,sum_daily,test,sarima_log_100_100_7,South Korea,LG U+,1,daily_origins,19.79072343688006,11.937155336638664,21.842454445764364,-8.84315071454012,86,86,86,86,0,1.0,1.0,86,True,sarima_log_100_100_7,19.79072343688006,11.937155336638664,21.842454445764364,-8.84315071454012,86,86,86,86,0,1.0,1.0,86,True,0.0
SARIMA,sum_daily,test,sarima_log_100_100_7,South Korea,SKT,1,daily_origins,18.585032059575823,11.780806436027587,20.872462989253656,-10.321487402748703,86,86,86,86,0,1.0,1.0,86,True,sarima_log_100_100_7,18.585032059575823,11.780806436027587,20.872462989253656,-10.321487402748703,86,86,86,86,0,1.0,1.0,86,True,0.0
SARIMA,sum_daily,test,sarima_log_100_100_7,Thailand,AIS,1,daily_origins,24.56398143710778,16.567570971854817,24.633663616519957,-4.762506561013302,86,86,86,86,0,1.0,1.0,86,False,sarima_log_100_100_7,24.56398143710778,16.567570971854817,24.633663616519957,-4.762506561013302,86,86,86,86,0,1.0,1.0,86,False,0.0
SARIMA,sum_daily,test,sarima_log_100_100_7,Thailand,TrueMove H,1,daily_origins,24.705352842982663,16.947649088640926,26.06864284784689,-5.419114974175468,86,86,86,86,0,1.0,1.0,86,False,sarima_log_100_100_7,24.705352842982663,16.947649088640926,26.06864284784689,-5.419114974175468,86,86,86,86,0,1.0,1.0,86,False,0.0
SARIMA,sum_daily,test,sarima_log_100_100_7,Thailand,dtac,1,daily_origins,22.131986094825614,15.801954867388195,23.27000203074289,-5.734071318745694,86,86,86,86,0,1.0,1.0,86,False,sarima_log_100_100_7,22.131986094825614,15.801954867388195,23.27000203074289,-5.734071318745694,86,86,86,86,0,1.0,1.0,86,False,0.0
