family,target,split,model,destination_country,carrier,block,cadence,mape_positive_pct,mae,wape_pct,bias,n_expected,n_labeled_pairs,n_scored_pairs,n_positive_pairs,n_zero_pairs,coverage,positive_share,unique_target_days,passes_20_pct
LightGBM,daily,test,lgbm_annual_l1_15_min50,Thailand,AIS,1,daily_origins,40.96709185402722,4.167240884954532,42.33150287504767,-3.5378085693868604,623,623,623,623,0,1.0,1.0,92,False
LightGBM,daily,test,lgbm_annual_ratio7,China,China Mobile,1,daily_origins,58.822978109549965,2.3950526991227683,53.69261718436432,-1.6626153879401584,623,623,623,603,20,1.0,0.9678972712680578,92,False
LightGBM,daily,test,lgbm_annual_ratio7,South Korea,KT,1,daily_origins,54.24250372552304,3.511378027285756,44.06906750602389,-2.5109643789736804,623,623,623,616,7,1.0,0.9887640449438202,92,False
LightGBM,daily,test,lgbm_annual_ratio7,South Korea,LG U+,1,daily_origins,52.963479559779394,3.571920261746746,44.97385454867063,-2.5413043029489755,623,623,623,616,7,1.0,0.9887640449438202,92,False
LightGBM,daily,test,lgbm_annual_ratio7,South Korea,SKT,1,daily_origins,38.94862781755032,3.180790310270414,39.06233714367174,-2.5355460970578654,623,623,623,623,0,1.0,1.0,92,False
LightGBM,daily,test,lgbm_annual_ratio7_n300,Japan,NTT Docomo,1,daily_origins,43.031690746291794,3.724594225466939,42.79642571866291,-2.930613956113361,623,623,623,623,0,1.0,1.0,92,False
LightGBM,daily,test,lgbm_annual_ratio7_n300,Thailand,TrueMove H,1,daily_origins,41.26716654666811,4.002979029704005,41.913545134547824,-3.362800334472947,623,623,623,623,0,1.0,1.0,92,False
LightGBM,daily,test,lgbm_annual_ratio7_n300,Thailand,dtac,1,daily_origins,43.265153862708125,4.139416713838147,41.80347888995243,-3.338005544746147,623,623,623,623,0,1.0,1.0,92,False
LightGBM,daily,test,lgbm_poisson,Japan,au (KDDI),1,daily_origins,46.74061685424661,3.693983895554409,38.70420395106621,-1.3832132898919902,623,623,623,623,0,1.0,1.0,92,False
LightGBM,daily,test,lgbm_weighted_l1,Japan,SoftBank,1,daily_origins,47.18135110207074,4.279499510746978,47.67754283253518,-3.5980485761503758,623,623,623,623,0,1.0,1.0,92,False
LightGBM,direct_7d,test,lgbm_annual_l1_15,China,China Mobile,1,daily_origins,19.72517279605811,6.018780044403216,19.49586003083528,-3.468426779980639,86,86,86,86,0,1.0,1.0,86,True
LightGBM,direct_7d,test,lgbm_annual_l1_15_min50,Thailand,TrueMove H,1,daily_origins,16.45517294401905,10.980102447506608,16.88944393642583,-4.3056666850496965,86,86,86,86,0,1.0,1.0,86,True
LightGBM,direct_7d,test,lgbm_annual_ratio7,Japan,NTT Docomo,1,daily_origins,17.002365932873804,10.55416593452678,17.414778786824698,-7.56570621095404,86,86,86,86,0,1.0,1.0,86,True
LightGBM,direct_7d,test,lgbm_annual_ratio7,Thailand,AIS,1,daily_origins,12.667359729033208,9.347053661706552,13.897763051638377,-5.711130019039596,86,86,86,86,0,1.0,1.0,86,True
LightGBM,direct_7d,test,lgbm_annual_ratio7,Thailand,dtac,1,daily_origins,11.530713828617488,9.12192790550389,13.432976025228331,-5.678607754269506,86,86,86,86,0,1.0,1.0,86,True
LightGBM,direct_7d,test,lgbm_cal_ratio7_56_p4,South Korea,LG U+,1,daily_origins,20.688008614795773,11.436602732345143,20.926549680461328,-5.65481328145957,86,86,86,86,0,1.0,1.0,86,False
LightGBM,direct_7d,test,lgbm_poisson,Japan,au (KDDI),1,daily_origins,20.114786726342327,13.331864859939628,20.203354677617764,-9.560802209589331,86,86,86,86,0,1.0,1.0,86,False
LightGBM,direct_7d,test,lgbm_poisson,South Korea,SKT,1,daily_origins,13.879323075151596,8.566845264319811,15.178176611691466,-6.146172684584164,86,86,86,86,0,1.0,1.0,86,True
LightGBM,direct_7d,test,lgbm_weighted_l1,Japan,SoftBank,1,daily_origins,15.362331524020112,10.100277854378636,16.1754915358764,-8.458884477143945,86,86,86,86,0,1.0,1.0,86,True
LightGBM,direct_7d,test,lgbm_weighted_l1,South Korea,KT,1,daily_origins,13.692475493642204,7.74405877560498,14.071182224847416,-6.30134552235745,86,86,86,86,0,1.0,1.0,86,True
SARIMA,daily,test,sarima_log_100_100_7,China,China Mobile,1,daily_origins,79.49416539814204,2.1958984062847717,49.2279491585251,-0.4255018198986581,623,623,623,603,20,1.0,0.9678972712680578,92,False
SARIMA,daily,test,sarima_log_100_100_7,Japan,NTT Docomo,1,daily_origins,45.60037948212201,3.213481419305652,36.92362457077502,-1.435198726040158,623,623,623,623,0,1.0,1.0,92,False
SARIMA,daily,test,sarima_log_100_100_7,Japan,SoftBank,1,daily_origins,41.59108652273481,3.1609314858603708,35.21567088145584,-1.5172607186904974,623,623,623,623,0,1.0,1.0,92,False
SARIMA,daily,test,sarima_log_100_100_7,Japan,au (KDDI),1,daily_origins,47.89794414253935,3.870260145056752,40.55116162748666,-1.8425806096789883,623,623,623,623,0,1.0,1.0,92,False
SARIMA,daily,test,sarima_log_100_100_7,South Korea,KT,1,daily_origins,57.507038218708495,3.1228077250436823,39.19236931309859,-1.4659298313959808,623,623,623,616,7,1.0,0.9887640449438202,92,False
SARIMA,daily,test,sarima_log_100_100_7,South Korea,LG U+,1,daily_origins,56.64602206664382,3.225601962452231,40.61337959999474,-1.3622965078521203,623,623,623,616,7,1.0,0.9887640449438202,92,False
SARIMA,daily,test,sarima_log_100_100_7,South Korea,SKT,1,daily_origins,46.273748484196105,3.0774154971789978,37.79282189518068,-1.538552890176092,623,623,623,623,0,1.0,1.0,92,False
SARIMA,daily,test,sarima_log_100_100_7,Thailand,AIS,1,daily_origins,52.45755573949853,3.791015543016825,38.50974536604406,-0.8672690672951695,623,623,623,623,0,1.0,1.0,92,False
SARIMA,daily,test,sarima_log_100_100_7,Thailand,TrueMove H,1,daily_origins,62.59295090768002,4.180977915799367,43.777298177193366,-0.9550568770594472,623,623,623,623,0,1.0,1.0,92,False
SARIMA,daily,test,sarima_log_100_100_7,Thailand,dtac,1,daily_origins,56.28113015889904,3.757728493648382,37.94885478267048,-0.967775094248878,623,623,623,623,0,1.0,1.0,92,False
SARIMA,direct_7d,test,arima_101,Japan,SoftBank,1,daily_origins,13.15151572546974,8.721246173567668,13.96698642321824,-3.5440863890511,86,86,86,86,0,1.0,1.0,86,True
SARIMA,direct_7d,test,arima_101,South Korea,KT,1,daily_origins,15.605312150485345,8.32297049542882,15.123081821400348,-2.877283553074917,86,86,86,86,0,1.0,1.0,86,True
SARIMA,direct_7d,test,arima_101,Thailand,TrueMove H,1,daily_origins,20.998489070182888,13.410824498313294,20.628347466552377,-2.37510496269407,86,86,86,86,0,1.0,1.0,86,False
SARIMA,direct_7d,test,sarima_log_100_100_7,China,China Mobile,1,daily_origins,20.531615922607227,5.784851424139101,18.738125140337576,-1.392552730823182,86,86,86,86,0,1.0,1.0,86,False
SARIMA,direct_7d,test,sarima_log_100_100_7,Japan,au (KDDI),1,daily_origins,15.417193737449296,10.108627935516328,15.318801805363952,-5.334030401644446,86,86,86,86,0,1.0,1.0,86,True
SARIMA,direct_7d,test,sarima_log_100_100_7,South Korea,LG U+,1,daily_origins,21.994491256238835,12.349788768055006,22.59748583090916,-5.003931297043148,86,86,86,86,0,1.0,1.0,86,False
SARIMA,direct_7d,test,sarima_log_100_100_7,South Korea,SKT,1,daily_origins,15.148223165673382,9.172482241189568,16.25120463004332,-5.040089942348004,86,86,86,86,0,1.0,1.0,86,True
SARIMA,direct_7d,test,sarima_log_100_100_7,Thailand,AIS,1,daily_origins,14.80850729520097,11.468998123181793,17.052798039309028,-8.812987960429059,86,86,86,86,0,1.0,1.0,86,True
SARIMA,direct_7d,test,sarimax_annual_100_100_7_window540,Japan,NTT Docomo,1,daily_origins,18.03103851317164,11.2822922716849,18.61621518351691,-6.830046121985989,86,86,86,86,0,1.0,1.0,86,True
SARIMA,direct_7d,test,sarimax_annual_100_100_7_window540,Thailand,dtac,1,daily_origins,15.554328274040778,12.307574759590638,18.12416831035608,-8.949882470478114,86,86,86,86,0,1.0,1.0,86,True
Prophet,daily,test,prophet_annual3_no_weekly_w540,South Korea,SKT,1,daily_origins,54.094595555736205,2.9259282195948133,35.93245181958543,-0.1650983475365676,623,623,623,623,0,1.0,1.0,92,False
Prophet,daily,test,prophet_annual3_weekly_w540,China,China Mobile,1,daily_origins,78.43328658308391,2.102149246706262,47.126267747319226,0.1985492907846882,623,623,623,603,20,1.0,0.9678972712680578,92,False
Prophet,daily,test,prophet_annual3_weekly_w540,Japan,NTT Docomo,1,daily_origins,48.32838007518715,3.044613016215392,34.98328862231998,-0.5739538342482859,623,623,623,623,0,1.0,1.0,92,False
Prophet,daily,test,prophet_annual3_weekly_w540,Japan,au (KDDI),1,daily_origins,54.54113147873388,3.766313588688535,39.462047859955554,-0.1777402335279363,623,623,623,623,0,1.0,1.0,92,False
Prophet,daily,test,prophet_annual3_weekly_w540,South Korea,KT,1,daily_origins,58.7689505328461,2.95029435746455,37.02726399477064,-0.4322771328816915,623,623,623,616,7,1.0,0.9887640449438202,92,False
Prophet,daily,test,prophet_annual3_weekly_w540,Thailand,AIS,1,daily_origins,43.12406927261272,3.1092840677308438,31.584607438387664,-0.2633630241361936,623,623,623,623,0,1.0,1.0,92,False
Prophet,daily,test,prophet_annual3_weekly_w540,Thailand,TrueMove H,1,daily_origins,49.713097408287176,3.282404482244637,34.368705755267385,-0.467899692442918,623,623,623,623,0,1.0,1.0,92,False
Prophet,daily,test,prophet_annual3_weekly_w540,Thailand,dtac,1,daily_origins,48.5694111636495,3.3226282171985875,33.55482864831772,-0.6065869958339528,623,623,623,623,0,1.0,1.0,92,False
Prophet,daily,test,prophet_multiplicative,South Korea,LG U+,1,daily_origins,69.61049678872897,3.529747882835068,44.44286440998882,-0.2966760496382704,623,623,623,616,7,1.0,0.9887640449438202,92,False
Prophet,daily,test,prophet_no_weekly,Japan,SoftBank,1,daily_origins,49.533620057190895,3.294208942755929,36.70050377927296,-0.1532495111258367,623,623,623,623,0,1.0,1.0,92,False
Prophet,direct_7d,test,prophet_annual3_no_weekly_w540,China,China Mobile,1,daily_origins,16.007893738918426,4.341303817778656,14.062227055704875,1.334456605144044,86,86,86,86,0,1.0,1.0,86,True
Prophet,direct_7d,test,prophet_annual3_weekly_w540,Japan,NTT Docomo,1,daily_origins,16.928508357802755,10.308199343149887,17.008924472580397,-4.124833658504246,86,86,86,86,0,1.0,1.0,86,True
Prophet,direct_7d,test,prophet_annual3_weekly_w540,Japan,SoftBank,1,daily_origins,12.81825835252932,8.063929630039723,12.914300711050585,-3.128192833320016,86,86,86,86,0,1.0,1.0,86,True
Prophet,direct_7d,test,prophet_annual3_weekly_w540,Japan,au (KDDI),1,daily_origins,17.872841189609936,10.846391565749316,16.436822460871205,-0.5300187787146158,86,86,86,86,0,1.0,1.0,86,True
Prophet,direct_7d,test,prophet_annual3_weekly_w540,South Korea,KT,1,daily_origins,12.8807817922119,6.870318781939745,12.483570996129686,-2.590450460220502,86,86,86,86,0,1.0,1.0,86,True
Prophet,direct_7d,test,prophet_annual3_weekly_w540,South Korea,LG U+,1,daily_origins,21.92496423092162,12.081963335481024,22.107422273433365,-2.621283125363388,86,86,86,86,0,1.0,1.0,86,False
Prophet,direct_7d,test,prophet_annual3_weekly_w540,South Korea,SKT,1,daily_origins,13.114934595809627,7.514117566103672,13.313022469816971,-0.6595212858076523,86,86,86,86,0,1.0,1.0,86,True
Prophet,direct_7d,test,prophet_annual3_weekly_w540,Thailand,AIS,1,daily_origins,13.607587294535604,9.207298343686023,13.689966416960548,-0.5395673283042608,86,86,86,86,0,1.0,1.0,86,True
Prophet,direct_7d,test,prophet_annual3_weekly_w540,Thailand,dtac,1,daily_origins,12.43435949385221,9.391684684586876,13.830220597165605,-3.697304019933842,86,86,86,86,0,1.0,1.0,86,True
Prophet,direct_7d,test,prophet_multiplicative,Thailand,TrueMove H,1,daily_origins,27.49654043585206,16.81060111385863,25.857837520870007,-1.085301514976888,86,86,86,86,0,1.0,1.0,86,False
LightGBM,sum_daily,test,lgbm_annual_l1_15_min50,Thailand,AIS,1,daily_origins,33.71356273755577,24.74365195750881,36.79035387873025,-24.6594627852088,86,86,86,86,0,1.0,1.0,86,False
LightGBM,sum_daily,test,lgbm_annual_ratio7,China,China Mobile,1,daily_origins,35.910916022059844,11.821186696622275,38.290849563446926,-11.795625306800252,86,86,86,86,0,1.0,1.0,86,False
LightGBM,sum_daily,test,lgbm_annual_ratio7,South Korea,KT,1,daily_origins,31.216209813052785,17.55929795198887,31.90576006488576,-17.55929795198887,86,86,86,86,0,1.0,1.0,86,False
LightGBM,sum_daily,test,lgbm_annual_ratio7,South Korea,LG U+,1,daily_origins,30.34675569118168,17.99058388853329,32.91894073220985,-17.521019838572478,86,86,86,86,0,1.0,1.0,86,False
LightGBM,sum_daily,test,lgbm_annual_ratio7,South Korea,SKT,1,daily_origins,30.517489590165763,17.877437434000463,31.67407538780469,-17.877437434000463,86,86,86,86,0,1.0,1.0,86,False
LightGBM,sum_daily,test,lgbm_annual_ratio7_n300,Japan,NTT Docomo,1,daily_origins,34.677078108776776,21.336548021554545,35.2061229826111,-21.336548021554545,86,86,86,86,0,1.0,1.0,86,False
LightGBM,sum_daily,test,lgbm_annual_ratio7_n300,Thailand,TrueMove H,1,daily_origins,33.440110219338095,23.60334417460605,36.30634231829941,-23.60334417460605,86,86,86,86,0,1.0,1.0,86,False
LightGBM,sum_daily,test,lgbm_annual_ratio7_n300,Thailand,dtac,1,daily_origins,33.13017618537266,23.532760484731792,34.65440756313243,-23.532760484731792,86,86,86,86,0,1.0,1.0,86,False
LightGBM,sum_daily,test,lgbm_poisson,Japan,au (KDDI),1,daily_origins,19.47949828140345,12.897293560314642,19.54479728963981,-9.371593155557637,86,86,86,86,0,1.0,1.0,86,True
LightGBM,sum_daily,test,lgbm_weighted_l1,Japan,SoftBank,1,daily_origins,40.41618090108763,25.532443754236564,40.88994716693379,-25.532443754236564,86,86,86,86,0,1.0,1.0,86,False
Prophet,sum_daily,test,prophet_annual3_no_weekly_w540,South Korea,SKT,1,daily_origins,12.949706882979651,7.423145928316162,13.151844866814791,-0.9509034213743168,86,86,86,86,0,1.0,1.0,86,True
Prophet,sum_daily,test,prophet_annual3_weekly_w540,China,China Mobile,1,daily_origins,15.442622664629404,4.295791957348168,13.91480634018616,1.1026143089254647,86,86,86,86,0,1.0,1.0,86,True
Prophet,sum_daily,test,prophet_annual3_weekly_w540,Japan,NTT Docomo,1,daily_origins,17.368192888848807,10.628387252511937,17.537246809593757,-4.062921423072886,86,86,86,86,0,1.0,1.0,86,True
Prophet,sum_daily,test,prophet_annual3_weekly_w540,Japan,au (KDDI),1,daily_origins,16.913899917683132,10.222531384296538,15.491413199110172,-0.5260367066577653,86,86,86,86,0,1.0,1.0,86,True
Prophet,sum_daily,test,prophet_annual3_weekly_w540,South Korea,KT,1,daily_origins,13.451915462427474,7.184483739213713,13.05441794997632,-2.6659816609062528,86,86,86,86,0,1.0,1.0,86,True
Prophet,sum_daily,test,prophet_annual3_weekly_w540,Thailand,AIS,1,daily_origins,13.623979731579544,9.32596788355495,13.86641144511974,-1.272792236361773,86,86,86,86,0,1.0,1.0,86,True
Prophet,sum_daily,test,prophet_annual3_weekly_w540,Thailand,TrueMove H,1,daily_origins,15.90598894369631,10.660003571472648,16.397072207952917,-2.675123506301414,86,86,86,86,0,1.0,1.0,86,True
Prophet,sum_daily,test,prophet_annual3_weekly_w540,Thailand,dtac,1,daily_origins,12.224370978058865,9.276193099293897,13.66014737224786,-3.661880870981467,86,86,86,86,0,1.0,1.0,86,True
Prophet,sum_daily,test,prophet_multiplicative,South Korea,LG U+,1,daily_origins,33.06244826052872,18.239130838272278,33.373728767902456,-1.1759027650217726,86,86,86,86,0,1.0,1.0,86,False
Prophet,sum_daily,test,prophet_no_weekly,Japan,SoftBank,1,daily_origins,17.864650147501546,11.026733266553808,17.659200389639246,-1.0600650490841532,86,86,86,86,0,1.0,1.0,86,True
SARIMA,sum_daily,test,sarima_log_100_100_7,China,China Mobile,1,daily_origins,24.72141001296641,7.48666572935592,24.2505933229608,-2.6986958353998505,86,86,86,86,0,1.0,1.0,86,False
SARIMA,sum_daily,test,sarima_log_100_100_7,Japan,NTT Docomo,1,daily_origins,16.900924155331207,11.314629211011548,18.66957237427078,-9.9347737066919,86,86,86,86,0,1.0,1.0,86,True
SARIMA,sum_daily,test,sarima_log_100_100_7,Japan,SoftBank,1,daily_origins,16.162353363201127,11.222951273251011,17.973441517683185,-10.280592916037932,86,86,86,86,0,1.0,1.0,86,True
SARIMA,sum_daily,test,sarima_log_100_100_7,Japan,au (KDDI),1,daily_origins,20.25055874533876,13.948907105006027,21.138431912432043,-12.143812359071816,86,86,86,86,0,1.0,1.0,86,False
SARIMA,sum_daily,test,sarima_log_100_100_7,South Korea,KT,1,daily_origins,18.84661456583047,10.999688313291385,19.986756707015825,-9.575650730892477,86,86,86,86,0,1.0,1.0,86,True
SARIMA,sum_daily,test,sarima_log_100_100_7,South Korea,LG U+,1,daily_origins,19.79072343688006,11.937155336638664,21.842454445764364,-8.84315071454012,86,86,86,86,0,1.0,1.0,86,True
SARIMA,sum_daily,test,sarima_log_100_100_7,South Korea,SKT,1,daily_origins,18.585032059575823,11.780806436027587,20.872462989253656,-10.321487402748703,86,86,86,86,0,1.0,1.0,86,True
SARIMA,sum_daily,test,sarima_log_100_100_7,Thailand,AIS,1,daily_origins,24.56398143710778,16.567570971854817,24.633663616519957,-4.762506561013302,86,86,86,86,0,1.0,1.0,86,False
SARIMA,sum_daily,test,sarima_log_100_100_7,Thailand,TrueMove H,1,daily_origins,24.705352842982663,16.947649088640926,26.06864284784689,-5.419114974175468,86,86,86,86,0,1.0,1.0,86,False
SARIMA,sum_daily,test,sarima_log_100_100_7,Thailand,dtac,1,daily_origins,22.131986094825614,15.801954867388195,23.27000203074289,-5.734071318745694,86,86,86,86,0,1.0,1.0,86,False
