destination_country,carrier,family,target,model,selection_split,selection_cutoff,validation_mape_positive_pct,validation_mae,split,block,cadence,mape_positive_pct,mae,wape_pct,bias,n_expected,n_labeled_pairs,n_scored_pairs,n_positive_pairs,n_zero_pairs,coverage,positive_share,unique_target_days,passes_20_pct
China,China Mobile,LightGBM,direct_7d,lgbm_annual_l1_15,validation,2025-09-30,20.32749156309876,8.582616561521371,test,1,daily_origins,19.72517279605811,6.018780044403216,19.49586003083528,-3.468426779980639,86,86,86,86,0,1.0,1.0,86,True
Japan,NTT Docomo,LightGBM,direct_7d,lgbm_annual_ratio7,validation,2025-09-30,18.88712068308584,9.20946385108512,test,1,daily_origins,17.002365932873804,10.55416593452678,17.414778786824698,-7.56570621095404,86,86,86,86,0,1.0,1.0,86,True
Japan,SoftBank,LightGBM,direct_7d,lgbm_weighted_l1,validation,2025-09-30,20.16850012551752,11.394332206877918,test,1,daily_origins,15.362331524020112,10.100277854378636,16.1754915358764,-8.458884477143945,86,86,86,86,0,1.0,1.0,86,True
Japan,au (KDDI),Prophet,direct_7d,prophet_annual3_weekly_w540,validation,2025-09-30,15.31402740434531,9.230741216674456,test,1,daily_origins,17.872841189609936,10.846391565749316,16.436822460871205,-0.5300187787146158,86,86,86,86,0,1.0,1.0,86,True
South Korea,KT,LightGBM,direct_7d,lgbm_weighted_l1,validation,2025-09-30,12.623206019865684,7.317563315861009,test,1,daily_origins,13.692475493642204,7.74405877560498,14.071182224847416,-6.30134552235745,86,86,86,86,0,1.0,1.0,86,True
South Korea,LG U+,LightGBM,direct_7d,lgbm_cal_ratio7_56_p4,validation,2025-09-30,11.632703292573392,6.70909218974842,test,1,daily_origins,20.688008614795773,11.436602732345143,20.926549680461328,-5.65481328145957,86,86,86,86,0,1.0,1.0,86,False
South Korea,SKT,LightGBM,direct_7d,lgbm_poisson,validation,2025-09-30,16.21200193264039,9.132319442559016,test,1,daily_origins,13.879323075151596,8.566845264319811,15.178176611691466,-6.146172684584164,86,86,86,86,0,1.0,1.0,86,True
Thailand,AIS,LightGBM,direct_7d,lgbm_annual_ratio7,validation,2025-09-30,13.822049919146036,12.8597077894883,test,1,daily_origins,12.667359729033208,9.347053661706552,13.897763051638377,-5.711130019039596,86,86,86,86,0,1.0,1.0,86,True
Thailand,TrueMove H,LightGBM,direct_7d,lgbm_annual_l1_15_min50,validation,2025-09-30,17.83893615884148,16.044912524658898,test,1,daily_origins,16.45517294401905,10.980102447506608,16.88944393642583,-4.3056666850496965,86,86,86,86,0,1.0,1.0,86,True
Thailand,dtac,LightGBM,direct_7d,lgbm_annual_ratio7,validation,2025-09-30,10.228777988489677,8.306933249518895,test,1,daily_origins,11.530713828617488,9.12192790550389,13.432976025228331,-5.678607754269506,86,86,86,86,0,1.0,1.0,86,True
